{
  "Ambiguous": {
    "n": 200,
    "mu_var": 0.00300199,
    "std_var": 0.00125424,
    "T_var": 0.00551047,
    "mu_clip": 0.210781,
    "std_clip": 0.012134,
    "T_clip": 0.186514
  },
  "Compositional": {
    "n": 200,
    "mu_var": 0.00248982,
    "std_var": 0.00050984,
    "T_var": 0.0035095,
    "mu_clip": 0.250871,
    "std_clip": 0.022285,
    "T_clip": 0.2063
  },
  "Conflicting": {
    "n": 200,
    "mu_var": 0.00304842,
    "std_var": 0.00136269,
    "T_var": 0.00577381,
    "mu_clip": 0.236895,
    "std_clip": 0.029174,
    "T_clip": 0.178547
  },
  "Negation": {
    "n": 200,
    "mu_var": 0.00286805,
    "std_var": 0.00045945,
    "T_var": 0.00378696,
    "mu_clip": 0.22478,
    "std_clip": 0.01198,
    "T_clip": 0.20082
  },
  "Single-Concept": {
    "n": 200,
    "mu_var": 0.00235236,
    "std_var": 0.00052036,
    "T_var": 0.00339307,
    "mu_clip": 0.258853,
    "std_clip": 0.015338,
    "T_clip": 0.228177
  },
  "__global__": {
    "n": 1000,
    "mu_var": 0.00275213,
    "std_var": 0.00095542,
    "T_var": 0.00466297,
    "mu_clip": 0.236436,
    "std_clip": 0.025996,
    "T_clip": 0.184445
  }
}